Time,Qin,h1,h2
0.0,1.0,0.0,0.0
0.2,1.0,0.1,0.0
0.4,1.0,0.17199050161106058,0.01400474919446971
0.6000000000000001,1.0,0.23525740315613458,0.027130312375625264
0.8,1.0,0.29229614607339915,0.0413163199143853
1.0,1.0,0.3444092292723296,0.05625783753874958
1.2000000000000002,1.0,0.3924284576871098,0.07174392970923163
1.4000000000000001,1.0,0.43694218165724963,0.08762479468495851
1.6,1.0,0.4783934734170224,0.10378956686820437
1.8,1.0,0.5171305165436553,0.1201534039025532
2.0,1.0,0.5534355058752343,0.13664967229389183
2.2,1.0,0.5875425726960755,0.15322497210281144
2.4000000000000004,1.0,0.6196495723468202,0.16983582303853234
2.6,1.0,0.649926196188433,0.18644637156973703
2.8000000000000003,1.0,0.6785197610058737,0.2030267530232762
3.0,1.0,0.7055594659721048,0.2195518896028762
3.2,1.0,0.731159601794942,0.23600058780923244
3.4000000000000004,1.0,0.7554220216437786,0.25235484714654605
3.6,1.0,0.7784380785462575,0.26859932147980087
3.8000000000000003,1.0,0.8002901686165573,0.2847208929693345
4.0,1.0,0.8210529774393655,0.30070833054551926
4.2,1.0,0.8407944991024034,0.3165520128962363
4.4,1.0,0.8595768784791786,0.33224370139465015
4.6000000000000005,1.0,0.8774571142547833,0.3477763521870127
4.800000000000001,1.0,0.8944876509106992,0.363143959345913
5.0,1.0,0.9107168812028665,0.3783414229285141
5.2,1.0,0.9261895757777054,0.39336443719350345
5.4,1.0,0.9409472529407464,0.40820939527890066
5.6000000000000005,1.0,0.9550284988620176,0.42287330743001195
5.800000000000001,1.0,0.968469246423632,0.4373537304647119
6.0,1.0,0.9813030193150079,0.45164870662224926
6.2,1.0,0.9935611467370168,0.46575671029768306
6.4,1.0,1.0052729530998217,0.4796766014425469
6.6000000000000005,1.0,1.0164659263259617,0.4934075846321275
6.800000000000001,1.0,1.0271658677530604,0.506949172974575
7.0,1.0,1.0373970261341532,0.5203011561771732
7.2,1.0,1.0471822178315757,0.5334635721981624
7.4,1.0,1.0565429349725504,0.5464366820043399
7.6000000000000005,1.0,1.0654994430656664,0.5592209470297146
7.800000000000001,1.0,1.0740708693555185,0.571817008992174
8.0,1.0,1.0822752830086129,0.5842256717761017
8.200000000000001,1.0,1.0901297680700488,0.5964478851312248
8.4,1.0,1.0976504900017414,0.6084847299733184
8.6,1.0,1.1048527565045247,0.6203374051020308
8.8,0.9923740458830438,1.1117510732347788,0.6320072151760573
9.0,0.9716267728331361,1.1175965995366377,0.6434955598069982
9.200000000000001,0.9508703428909848,1.1211221957341082,0.654787952988909
9.4,0.930201602284559,1.122424570378696,0.6658437755059632
9.600000000000001,0.9097120410005068,1.1216056133346444,0.6766255509753829
9.8,0.8894879975586497,1.1187719404271186,0.6870987979990607
10.0,0.8696108201103118,1.114034434461861,0.6972319047485165
10.200000000000001,0.8501569892811397,1.1075077812913596,0.7069960231278506
10.4,0.8311982075151942,1.0993099997205633,0.7163649800109271
10.600000000000001,0.8128014591478415,1.089561964208423,0.7253152033332689
10.8,0.795029045019415,1.078386919522335,0.7338256610467455
11.0,0.7779385951236383,1.0659099867366026,0.7418778111244054
11.200000000000001,0.7615830625516244,1.052257660231482,0.7494555609403983
11.4,0.7460107018335494,1.037557295645787,0.7565452344512688
11.600000000000001,0.7312650346871559,1.0219365890639074,0.7631355456745766
11.8,0.71738480614733,1.0055230480781172,0.7692175770028707
12.0,0.7044039340668793,0.9884434557597572,0.7747847609092852
12.200000000000001,0.6923514550379376,0.9708233289979773,0.7798328635992161
12.4,0.6812514698782458,0.9527863731207775,0.784359969144605
12.600000000000001,0.6711230919479395,0.9344539351968554,0.7883664626076556
12.8,0.6619804017000267,0.9159444589227712,0.7918550106242848
13.0,0.6538324110092066,0.8973729445199439,0.79483053787993
13.200000000000001,0.646683040954732,0.8788504175884986,0.7973001978780563
13.4,0.6405311168370045,0.8604834113749509,0.799273336382288
13.600000000000001,0.6353703842657525,0.8423734673892805,0.8007614459148532
13.8,0.6311895501492624,0.8246166597315521,0.8017781097260062
14.0,0.6279723523174215,0.8073031488329858,0.8023389337206839
14.200000000000001,0.6256976613043275,0.7905167705528849,0.8024614649491346
14.4,0.6243396174784275,0.7743346666715272,0.8021650954461073
14.600000000000001,0.6238678062224429,0.7588269627511828,0.8014709504451974
14.8,0.6242474732201692,0.7440564990770481,0.8004017603052331
15.0,0.6254397810991899,0.730078619917123,0.7989817158645262
15.200000000000001,0.6274021077145381,0.7169410256437451,0.7972363073820641
15.4,0.6300883852576583,0.7046836913400207,0.7951921477223861
15.600000000000001,0.633449478170377,0.6933388543860654,0.7928767809771544
15.8,0.6374335965810252,0.6829310722123285,0.7903184782696951
16.0,0.6419867407172131,0.6734773499651472,0.7875460230324424
16.2,0.6470531705534289,0.664987336311552,0.7845884885512577
16.400000000000002,0.6525758938918307,0.657463584085118,0.7814750110037847
16.6,0.658497165219459,0.6509018710167119,0.7782345615515841
16.8,0.6647589870941413,0.6452915744773322,0.7748957212524777
17.0,0.6713036055293803,0.6406160930520047,0.7714864626221252
17.2,0.6780739909004633,0.6368533069182372,0.7680339415835434
17.400000000000002,0.6850142962819401,0.6339760684564661,0.7645643033017868
17.6,0.6920702858288952,0.6319527142892958,0.7611025050207849
17.8,0.6991897267878839,0.6307475900257619,0.7576721585224526
18.0,0.7063227399073692,0.6303215793512158,0.75429539424424
18.2,0.7134221043400106,0.6306326297112758,0.7509927484545205
18.400000000000002,0.7204435145137039,0.6316362676368269,0.7477830742313393
18.6,0.7273457878205619,0.6332860976876185,0.7446834763531218
18.8,0.7340910232669797,0.6355342799955278,0.7417092696197415
19.0,0.7406447123898434,0.6383319824102107,0.7388739596024501
19.200000000000003,0.7469758047352266,0.6416298042425539,0.73618924438792
19.400000000000002,0.7530567309936698,0.6453781695278858,0.7336650355439293
19.6,0.7588633874823095,0.649527688564793,0.7313094962940375
19.8,0.7643750860635119,0.654029487210484,0.7291290947420738
20.0,0.7695744738070655,0.6588355040230567,0.7271286699260197
20.200000000000003,0.7744474267602847,0.6638987558353993,0.7253115084935031
20.400000000000002,0.7789829221134612,0.6691735727311515,0.7236794298645406
20.6,0.7831728928644797,0.6746158036803841,0.7222328778678333
20.8,0.7870120688229918,0.680182994293842,0.7209710169917655
21.0,0.7904978074762606,0.6858345382830562,0.719891831568345
21.200000000000003,0.7936299178875504,0.6915318042824964,0.7189922263973154
21.400000000000002,0.796410480432231,0.697238239711525,0.718268127509943
21.6,0.79884366481144,0.7029194533392114,0.7177145819607383
21.8,0.800935548429611,0.7085432781735885,0.7173258557154759
22.0,0.8026939368887169,0.7140798162366326,0.7170955288717134
22.200000000000003,0.8041281880442518,0.719501466713584,0.7170165876012777
22.400000000000002,0.8052490407890925,0.7247829388853457,0.7170815123416141
22.6,0.8060684494829473,0.729901251169532,0.7172823618840912
22.8,0.8065994247271864,0.7348357175122526,0.7176108531125612
23.0,0.8068558809965811,0.7395679222910743,0.7180584362353704
23.200000000000003,0.8068524914791582,0.7440816848112662,0.718616365429638
23.400000000000002,0.8066045503409289,0.7483630144034189,0.7192757648791654
23.6,0.806127842521278,0.7524000570614017,0.7200276902381149
23.8,0.805438521074813,0.7561830344957002,0.7208631855929538
24.0,0.8045529920039792,0.7597041764185236,0.7217733360264021
24.200000000000003,0.8034878064713308,0.7629576468236153,0.7227493159105087
24.400000000000002,0.8022595602387085,0.7659394649752604,0.723782433072699
24.6,0.800884800150644,0.768647421777275,0.724864168989743
24.8,0.7993799374590824,0.7710809921534911,0.7259862151710864
25.0,0.7977611677743212,0.7732412440360512,0.7271405058957209
25.200000000000003,0.7960443974212977,0.7751307445263387,0.7283192474665328
25.400000000000002,0.7942451759796755,0.776753463765216,0.7295149441435224
25.6,0.7923786347893675,0.778114677024035,0.7307204209130246
25.8,0.7904594312091618,0.7792208655052463,0.731928843244587
26.0,0.7885016984240649,0.7800796163209925,0.7331337339809016
26.200000000000003,0.7865190006061084,0.7806995220994486,0.7343289874995066
26.400000000000002,0.7845242932430053,0.7810900806515135,0.7355088812781706
26.6,0.7825298884586588,0.7812615951144193,0.7366680849892063
26.8,0.780547425158683,0.7812250749735565,0.7378016672416112
27.0,0.778587843842406,0.7809921383490164,0.7389051000840873
27.200000000000003,0.7766613659300274,0.7805749159187017,0.7399742613767442
27.400000000000002,0.7747774774594671,0.7799859568350949,0.7410054351347503
27.6,0.7729449170118144,0.7792381369776198,0.741995309943405
27.8,0.7711716677270767,0.7783445698667726,0.7429409755411077
28.0,0.7694649532730786,0.7773185205496163,0.7438399176644926
28.200000000000003,0.7678312376298896,0.7761733227486642,0.7446900112485739
28.400000000000002,0.7662762285500873,0.7749222995474776,0.7454895120740661
28.6,0.7648048845516057,0.7735786878663715,0.7462370469540613
28.8,0.7634214252949701,0.7721555669604004,0.7469316025528857
29.0,0.7621293451905538,0.7706657911492465,0.747572512931145
29.200000000000003,0.7609314300742815,0.7691219269647865,0.7481594459126102
29.400000000000002,0.7598297767821738,0.7675361948770166,0.74869238837058
29.6,0.7588258154454809,0.7659204157327658,0.7491716305335847
29.8,0.7579203343191819,0.7642859620143694,0.7495977494126382
30.0,0.7571135069475369,0.7626437139973675,0.7499715914545972
30.200000000000003,0.7564049214614837,0.7610040208575496,0.7502942545284064
30.400000000000002,0.7557936117942089,0.7593766667485179,0.7505670693530003
30.6,0.7552780905934634,0.7577708418416471,0.7507915804772631
30.8,0.7548563836023807,0.7561951182911505,0.7509695269236213
31.0,0.7545260652749405,0.7546574310582156,0.7511028226074565
31.200000000000003,0.7542842953879811,0.7531650635001357,0.7511935366444966
31.400000000000002,0.7541278564090207,0.7517246376033356,0.7512438736575916
31.6,0.7540531913782166,0.7503421087134526,0.751256154192765
31.8,0.7540564420637164,0.7490227645914604,0.7512327953520956
32.0,0.7541334871524872,0.747771228602467,0.7511762917478224
32.2,0.7542799802435071,0.7465914668234976,0.7510891968780685
32.4,0.7544913874169431,0.7454867988384918,0.7509741050197631
32.6,0.7547630241615895,0.7444599119730483,0.7508336337287458
32.800000000000004,0.7550900914533074,0.7435128787082753,0.7506704070307091
33.0,0.7554677107893714,0.742647177002516,0.7504870393796487
33.2,0.7558909579973415,0.7418637132417687,0.7502861204529189
33.4,0.756354895652152,0.7411628475343038,0.7500702008439366
33.6,0.7568546039513311,0.7405444210622569,0.7498417787051342
33.800000000000004,0.757385209915438,0.7400077852027728,0.7496032873850422
34.0,0.7579419147986491,0.7395518321334832,0.7493570840945004
34.2,0.7585200196127475,0.7391750266415777,0.7491054396280598
34.4,0.7591149486862918,0.7388754388623113,0.7488505291577591
34.6,0.7597222711992426,0.7386507776812996,0.7485944241077508
34.800000000000004,0.7603377206515753,0.7384984245451814,0.7483390851098037
35.0,0.7609572122422013,0.7384154674369647,0.7480863560316212
35.2,0.7615768581516448,0.738398734785406,0.7478379590622655
35.4,0.7621929807382376,0.7384448290918743,0.7475954908318375
35.6,0.7628021236729108,0.7385501600731134,0.7473604195359931
35.800000000000004,0.7634010610518998,0.7387109771339203,0.7471340830299164
36.0,0.7639868045397034,0.7389234009998074,0.7469176878510669
36.2,0.7645566086063967,0.7391834543560173,0.7467123091253783
36.4,0.76510797393384,0.7394870913556436,0.7465188913076267
36.6,0.7656386490744235,0.7398302258759011,0.7463382497034124
36.800000000000004,0.7661466304537387,0.7402087584176661,0.7461710727175868
37.0,0.7666301608150009,0.7406186015591173,0.746017924771993
37.2,0.7670877262081749,0.7410557038895591,0.745879249834055
37.4,0.7675180516306563,0.741516072364199,0.7457553754969891
37.6,0.7679200954290749,0.7419957930347041,0.7456465175522177
37.800000000000004,0.7682930425733981,0.742491050123716,0.7455527849948596
38.0,0.768636296915093,0.7429981434241096,0.7454741854039422
38.2,0.7689494725407582,0.7435135040156057,0.7454106306401538
38.400000000000006,0.7692323843314225,0.7440337083023647,0.7453619428055005
38.6,0.7694850378357501,0.7445554903853908,0.7453278604110957
38.800000000000004,0.7697076185627427,0.7450757527929515,0.7453080447014456
39.0,0.7699004807963169,0.7455915756007797,0.7453020860859597
39.2,0.770064136030408,0.7461002239815806,0.7453095106309628
39.400000000000006,0.7701992411191125,0.7465991542303301,0.745329786568186
39.6,0.7703065862319007,0.7470860183180512,0.7453623307785133
39.800000000000004,0.7703870826991722,0.7475586670322123,0.7454065152126458
40.0,0.7704417508284669,0.7480151517666304,0.7454616732132664
40.2,0.7704717077665321,0.7484537250278231,0.7455271057062305
40.400000000000006,0.770478155477238,0.7488728397281588,0.7456020872312399
40.6,0.7704623689000789,0.7492711473389354,0.7456858717853635
40.800000000000004,0.7704256843487401,0.7496474949787226,0.745777698455621
41.0,0.7703694882039716,0.7500009215139348,0.7458767968196417
41.2,0.770295205949848,0.7503306527497285,0.7459823920961245
41.400000000000006,0.7702042915974109,0.7506360957899425,0.746093710029454
41.6,0.7700982175347183,0.7509168326449659,0.7462099814953594
41.800000000000004,0.7699784648374913,0.7511726131661599,0.746330446816931
42.0,0.769846514069853,0.7514033473847943,0.7464543597826284
42.2,0.7697038366001223,0.7516090973324276,0.746580991360124
42.400000000000006,0.7695518864522598,0.7517900684182832,0.7467096331019116
42.6,0.7693920927093753,0.7519466004374762,0.7468396002405921
42.800000000000004,0.7692258524817,0.752079158281964,0.7469702344735999
43.0,0.769054524447611,0.7521883224238413,0.7471009064388764
43.2,0.768879422972665,0.752274779238106,0.7472310178846207
43.400000000000006,0.7687018128081623,0.7523393112293187,0.7473600035377526
43.6,0.7685229043675269,0.7523827872236684,0.7474873326771183
43.800000000000004,0.7683438495757338,0.7524061525848899,0.7476125104187479
44.0,0.7681657382841683,0.7524104195092512,0.7477350787216434
44.2,0.7679895952406428,0.7523966574514811,0.7478546171236375
44.400000000000006,0.7678163776018329,0.7523659837300505,0.747970743217816
44.6,0.7676469729731243,0.7523195543566853,0.7480831128808458
44.800000000000004,0.767482197958784,0.7522585551313785,0.7481914202653013
45.0,0.7673227972034814,0.7521841930405271,0.7482953975687234
45.2,0.7671694429044899,0.7520976879921436,0.7483948145927022
45.400000000000006,0.7670227347723819,0.752000264918417,0.7484894781057237
45.6,0.7668832004167133,0.7518931462722321,0.7485792310238901
45.800000000000004,0.7667512961320483,0.7517775449406268,0.7486639514238888
46.0,0.7666274080587132,0.7516546575945793,0.7487435514027797
46.2,0.7665118536918897,0.7515256584910053,0.7488179757992668
46.400000000000006,0.7664048837120447,0.7513916937394016,0.7488872007911425
46.6,0.7663066841092595,0.7512538760422407,0.7489512323835386
46.800000000000004,0.7662173785737474,0.7511132799149834,0.7490101048024836
47.0,0.7661370311247386,0.7509709373884793,0.7490638788080659
47.2,0.766065648949958,0.7508278341935476,0.7491126399412303
47.400000000000006,0.7660031854281122,0.7506849064247132,0.7491564967179064
47.6,0.7659495433071482,0.7505430376774039,0.7491955787837692
47.800000000000004,0.7659045780115128,0.750403056650413,0.7492300350424901
48.0,0.7658681010522493,0.7502657352031029,0.7492600317698352
48.2,0.7658398835144913,0.7501317868546759,0.7492857507254246
48.400000000000006,0.7658196595977488,0.7500018657108664,0.7493073872733793
48.6,0.765807130185317,0.7498765658016326,0.7493251485224648
48.800000000000004,0.7658019664201756,0.7497564208118287,0.749339251495679
49.0,0.7658038132658544,0.7496419041854374,0.7493499213385603
49.2,0.7658122930319377,0.7495334295827283,0.7493573895747815
49.400000000000006,0.7658270088451228,0.7494313516686797,0.749361892416885
49.6,0.7658475480480659,0.7493359672101598,0.7493636691392752
49.800000000000004,0.7658734855095837,0.7492475164587018,0.7493629605198547
50.0,0.7659043868311727,0.749166184795222,0.7493600073559468
50.2,0.7659398114362054,0.749092104612715,0.7493550490594109
50.400000000000006,0.765979315529583,0.7490253574128074,0.7493483223351289
50.6,0.766022454917045,0.7489659760920558,0.7493400599463198
50.800000000000004,0.7660687876747523,0.748913947394029,0.7493304895694357
51.0,0.7661178766611585,0.7488692145035011,0.7493198327407112
51.2,0.766169291864567,0.7488316797595095,0.74930830389577
51.400000000000006,0.7662226125811151,0.7488012074645665,0.7492961095030588
51.6,0.7662774294192389,0.7487776267679711,0.7492834472912702
51.800000000000004,0.7663333461279357,0.7487607346019156,0.749270505570334
52.0,0.7663899812473617,0.7487502986499261,0.7492574626450158
52.2,0.7664469695814561,0.7487460603280962,0.7492444863196467
52.400000000000006,0.766503963493385,0.7487477377605654,0.7492317334920383
52.6,0.7665606340256386,0.7487550287317439,0.7492193498341954
52.800000000000004,0.7666166718475738,0.7487676135988856,0.7492074695570434
53.0,0.7666717880340997,0.7487851581497474,0.7491962152560289
53.2,0.7667257146800288,0.748807316391249,0.7491856978341247
53.400000000000006,0.7667782053553626,0.7488337332562283,0.7491760164984994
53.6,0.7668290354074653,0.7488640472166009,0.7491672588268575
53.800000000000004,0.7668780021166794,0.7488978927924296,0.7491595008992601
54.0,0.7669249247124651,0.7489349029476193,0.7491528074910633
54.2,0.7669696442576023,0.748974711364144,0.7491472323224836
54.400000000000006,0.7670120234083765,0.7490169545878846,0.7491428183602011
54.6,0.7670519460589866,0.7490612740403122,0.7491395981663502
54.800000000000004,0.7670893168786498,0.7491073178913665,0.7491375942902169
55.0,0.7671240607500646,0.7491547427899732,0.7491368196979625
55.2,0.7671561221180054,0.749203215449683,0.7491372782357226
55.400000000000006,0.7671854642568771,0.7492524140879264,0.7491389651214841
55.6,0.7672120684660573,0.7493020297183286,0.7491418674612275
55.800000000000004,0.767235933201797,0.7493517672964392,0.7491459647849227
56.0,0.7672570731543462,0.7494013467200835,0.7491512295980928
56.2,0.7672755182788186,0.7494505036863403,0.7491576279448035
56.400000000000006,0.7672913127881116,0.7494989904078939,0.7491651199780972
56.6,0.767304514115968,0.7495465761921934,0.7491736605340673
56.800000000000004,0.7673151918579928,0.7495930478874757,0.749183199705955
57.0,0.7673234266981356,0.7496382102002785,0.7491936834148545
57.2,0.7673293093278257,0.7496818858895763,0.7492050539738171
57.400000000000006,0.7673329393645867,0.7497239158431214,0.7492172506423673
57.6,0.7673344242765849,0.7497641590419653,0.7492302101686602
57.800000000000004,0.7673338783191757,0.7498024924194691,0.7492438673167411
58.0,0.7673314214891047,0.7498388106213916,0.7492581553765936
58.2,0.7673271785016001,0.7498730256738673,0.7492730066548953
58.400000000000006,0.7673212777951773,0.7499050665662604,0.7492883529446254
58.6,0.7673138505685351,0.7499348787560021,0.7493041259719011
58.800000000000004,0.7673050298535039,0.7499624236025895,0.7493202578186395
59.0,0.7672949496275672,0.7499876777379566,0.7493366813198642
59.2,0.7672837439690537,0.7500106323804047,0.7493533304346905
59.400000000000006,0.7672715462576766,0.750031292599226,0.7493701405902314
59.6,0.7672584884226776,0.7500496765370562,0.7493870489978675
59.800000000000004,0.7672447002404368,0.7500658145968573,0.749403994941519
60.0,0.7672303086830068,0.7500797486002668,0.7494209200377423
60.2,0.7672154373186569,0.750091530923855,0.7494377684676485
60.400000000000006,0.7672002057651426,0.7501012236196029,0.7494544871808105
60.6,0.7671847291960694,0.7501088975256669,0.7494710260714776
60.800000000000004,0.7671691179003849,0.7501146313732262,0.7494873381275657
61.0,0.7671534768947175,0.7501185108949141,0.7495033795530244
61.2,0.7671379055879867,0.7501206279400303,0.7495191098643064
61.400000000000006,0.7671224974974319,0.7501210796014086,0.7495344919617791
61.6,0.7671073400149474,0.7501199673584812,0.7495494921770194
61.800000000000004,0.767092514222381,0.750117396240741,0.7495640802970224
62.0,0.7670780947542305,0.7501134740154536,0.7495782295664387
62.2,0.7670641497059854,0.7501083104031198,0.7495919166690199
62.400000000000006,0.7670507405861788,0.7501020163238366,0.7496051216895128
62.6,0.7670379223100698,0.7500947031773509,0.7496178280572903
62.800000000000004,0.7670257432327356,0.7500864821592499,0.7496300224730458
63.0,0.7670142452192462,0.750077463615385,0.7496416948199044
63.2,0.7670034637494971,0.7500677564362908,0.7496528380603246
63.400000000000006,0.766993428055205,0.7500574674930216,0.7496634481201726
63.6,0.7669841612865127,0.7500467011155123,0.7496735237613538
63.800000000000004,0.7669756807056156,0.7500355586142539,0.7496830664443767
64.0,0.7669679979048002,0.7500241378457779,0.7496920801822121
64.2,0.7669611190462825,0.7500125328221554,0.7497005713867864
64.4,0.7669550451212434,0.7500008333644438,0.7497085487094194
64.60000000000001,0.7669497722254898,0.7499891247997607,0.7497160228764842
64.8,0.7669452918492058,0.7499774877014177,0.7497230065215221
65.0,0.7669415911783146,0.749965997671327,0.7497295140150037
65.2,0.7669386534050342,0.7499547251636809,0.7497355612928743
65.4,0.7669364580452898,0.7499437353487176,0.7497411656849701
65.60000000000001,0.7669349812607253,0.749933088015209,0.74974634574433
65.8,0.7669341961831584,0.7499228375101521,0.7497511210783716
66.0,0.7669340732394168,0.7499130327140071,0.7497555121828332
66.2,0.7669345804746114,0.7499037170497012,0.7497595402793197
66.4,0.7669356838720092,0.7498949285235165,0.7497632271572242
66.60000000000001,0.7669373476677903,0.7498866997958902,0.749766595020729
66.8,0.7669395346591007,0.7498790582800842,0.74976966634152
67.0,0.7669422065039295,0.7498720262666283,0.7497724637177836
67.2,0.7669453240114772,0.7498656210713992,0.7497750097399836
67.4,0.7669488474218011,0.7498598552051746,0.7497773268638503
67.60000000000001,0.7669527366736609,0.74985473656249,0.7497794372909488
67.8,0.7669569516596111,0.7498502686276288,0.7497813628571237
68.0,0.7669614524675156,0.7498464506955936,0.7497831249290627
68.2,0.7669661996077874,0.7498432781059319,0.7497847443091507
68.4,0.7669711542257737,0.74984074248733,0.7497862411487352
68.60000000000001,0.7669762782988332,0.7498388320109385,0.7497876348698631
68.8,0.7669815348177648,0.7498375316504484,0.7497889440954957
69.0,0.7669868879523534,0.7498368234470089,0.7497901865881592
69.2,0.7669923032009174,0.749836686777148,0.7497913791969395
69.4,0.7669977475238337,0.7498370986219431,0.7497925378126842
69.60000000000001,0.767003189461115,0.7498380338357735,0.7497936773312356
69.8,0.7670085992342103,0.7498394654130811,0.7497948116244783
70.0,0.7670139488322755,0.749841364751664,0.7497959535189506
70.2,0.7670192120832489,0.7498437019111259,0.7497971147817383
70.4,0.7670243647101306,0.7498464458652103,0.7497983061133409
70.60000000000001,0.7670293843729385,0.749849564746852,0.7497995371471746
70.8,0.7670342506968649,0.7498530260848868,0.7498008164553579
71.0,0.7670389452872217,0.749856797031466,0.7498021515604032
71.2,0.767043451731798,0.7498608445793311,0.7498035489524278
71.4,0.7670477555913034,0.7498651357682071,0.7498050141114827
71.60000000000001,0.7670518443785995,0.7498696378796826,0.749806551534589
71.8,0.767055707527453,0.7498743186200425,0.7498081647670682
72.0,0.7670593363515649,0.7498791462906234,0.7498098564377482
72.2,0.7670627239946486,0.7498840899453582,0.7498116282976246
72.4,0.7670658653723393,0.7498891195352693,0.7498134812615639
72.60000000000001,0.7670687571067243,0.7498942060397631,0.7498154154526344
72.8,0.767071397454283,0.7498993215846618,0.7498174302486615
73.0,0.7670737862280265,0.7499044395469938,0.7498195243306098
73.2,0.7670759247146086,0.7499095346466391,0.7498216957324076
73.4,0.7670778155871814,0.7499145830249998,0.7498239418918398
73.60000000000001,0.7670794628147369,0.7499195623109346,0.7498262597021502
73.8,0.7670808715686711,0.7499244516742566,0.74982864556401
74.0,0.767082048127271,0.7499292318671532,0.7498310954375229
74.2,0.7670829997788079,0.7499338852539391,0.7498336048939603
74.4,0.7670837347238887,0.7499383958295979,0.7498361691669313
74.60000000000001,0.7670842619776828,0.7499427492276135,0.7498387832027181
74.8,0.7670845912726139,0.7499469327176256,0.7498414417095238
75.0,0.7670847329620706,0.7499509351934757,0.7498441392053987
75.2,0.7670846979256492,0.7499547471522381,0.7498468700646351
75.4,0.7670844974764112,0.749958360664849,0.7498496285624383
75.60000000000001,0.767084143270595,0.7499617693389652,0.7498524089177032
75.8,0.7670836472201848,0.7499649682746944,0.7498552053337472
76.0,0.7670830214087021,0.7499679540138486,0.7498580120368676
76.2,0.7670822780105432,0.7499707244833724,0.7498608233126164
76.4,0.7670814292141503,0.749973278933599,0.7498636335396986
76.60000000000001,0.7670804871492634,0.749975617871982,0.7498664372214265
76.80000000000001,0.7670794638184631,0.7499777429929418,0.7498692290146731
77.0,0.76707837103318,0.749979657104455,0.7498720037562924
77.2,0.7670772203543045,0.7499813640519979,0.7498747564869861
77.4,0.7670760230375038,0.7499828686404415,0.749877482472616
77.60000000000001,0.7670747899833121,0.7499841765544729,0.7498801772229734
77.80000000000001,0.7670735316920333,0.7499852942780941,0.7498828365080348
78.0,0.767072258223461,0.7499862290137281,0.749885456371743
78.2,0.767070979161396,0.7499869886014341,0.749888033143368
78.4,0.7670697035829082,0.7499875814387044,0.7498905634465125
78.60000000000001,0.7670684400322715,0.7499880164012892,0.7498930442058351
78.80000000000001,0.7670671964994703,0.7499883027654634,0.7498954726515794
79.0,0.7670659804031581,0.7499884501321181,0.7498978463219984
79.2,0.7670647985779281,0.7499884683530305,0.7499001630637775
79.4,0.7670636572657374,0.7499883674596296,0.7499024210305606
79.60000000000001,0.767062562111309,0.7499881575945477,0.7499046186796942
79.80000000000001,0.7670615181613247,0.7499878489462114,0.7499067547673034
80.0,0.7670605298672095,0.7499874516866966,0.7499088283418227
80.2,0.7670596010912901,0.7499869759130396,0.7499108387361031
80.4,0.7670587351161168,0.7499864315921656,0.7499127855582203
80.60000000000001,0.7670579346567129,0.7499858285095636,0.7499146686811106
80.80000000000001,0.7670572018755281,0.749985176221813,0.7499164882311592
81.0,0.7670565383998538,0.7499844840130315,0.7499182445758669
81.2,0.7670559453414681,0.749983760855292,0.7499199383107181
81.4,0.7670554233182704,0.7499830153730279,0.7499215702453735
81.60000000000001,0.767054972477671,0.749982255811423,0.7499231413893048
81.80000000000001,0.7670545925214987,0.7499814900087555,0.7499246529369894
82.0,0.767054282732201,0.7499807253726478,0.7499261062527758
82.2,0.7670540420001066,0.7499799688601511,0.7499275028555292
82.4,0.7670538688515337,0.7499792269615738,0.7499288444031604
82.60000000000001,0.7670537614775298,0.749978505687949,0.7499301326771365
82.80000000000001,0.7670537177630391,0.7499778105620161,0.7499313695670673
83.0,0.7670537353163004,0.7499771466125806,0.7499325570554558
83.2,0.7670538114982898,0.7499765183721029,0.7499336972026932
83.4,0.7670539434520292,0.7499759298773532,0.7499347921323768
83.60000000000001,0.7670541281315957,0.7499753846729659,0.7499358440170195
83.80000000000001,0.7670543623306739,0.7499748858177115,0.7499368550642159
84.0,0.7670546427105088,0.7499744358933046,0.7499378275033224
84.2,0.7670549658271244,0.7499740370155553,0.7499387635727023
84.4,0.7670553281576858,0.7499736908476736,0.7499396655075833
84.60000000000001,0.7670557261258965,0.749973398615529,0.7499405355285651
84.80000000000001,0.7670561561263313,0.7499731611246696,0.7499413758308104
85.0,0.7670566145476179,0.7499729787789047,0.7499421885739487
85.2,0.7670570977943931,0.7499728516002542,0.749942975872712
85.4,0.7670576023079696,0.749972779250075,0.749943739788321
85.60000000000001,0.7670581245856585,0.7499727610511722,0.7499444823206314
85.80000000000001,0.76705866119871,0.7499727960107127,0.7499452054010463
86.0,0.7670592088088365,0.749972882843761,0.7499459108861958
86.2,0.7670597641832998,0.7499730199972632,0.74994660055238
86.4,0.7670603242085497,0.7499732056743139,0.7499472760907675
86.60000000000001,0.767060885902411,0.7499734378585453,0.7499479391033367
86.80000000000001,0.7670614464248273,0.749973714338488,0.749948591099545
87.0,0.7670620030871748,0.7499740327317606,0.7499492334937061
87.2,0.7670625533601669,0.7499743905089529,0.7499498676030525
87.4,0.7670630948803845,0.7499747850170791,0.7499504946464582
87.60000000000001,0.7670636254554607,0.749975213502484,0.7499511157437946
87.80000000000001,0.7670641430679677,0.7499756731330959,0.7499517319158873
88.0,0.7670646458780512,0.7499761610199311,0.7499523440850441
88.2,0.7670651322248644,0.7499766742377618,0.749952953076119
88.4,0.7670656006268594,0.7499772098448695,0.7499535596180771
88.60000000000001,0.767066049780995,0.7499777649018184,0.7499541643460251
88.80000000000001,0.7670664785609256,0.7499783364891895,0.74995476780367
89.0,0.7670668860142367,0.7499789217242261,0.7499553704461674
89.2,0.7670672713587953,0.7499795177763515,0.7499559726433241
89.4,0.7670676339782848,0.7499801218815292,0.7499565746831143
89.60000000000001,0.7670679734169962,0.749980731355441,0.7499571767754735
89.80000000000001,0.7670682893739451,0.7499813436054711,0.7499577790563328
90.0,0.7670685816963879,0.7499819561414887,0.7499583815918557
90.2,0.7670688503728073,0.7499825665854308,0.7499589843828428
90.4,0.767069095525437,0.749983172679694,0.7499595873692688
90.60000000000001,0.7670693174023981,0.749983772294349,0.7499601904349178
90.80000000000001,0.7670695163695105,0.7499843634331997,0.7499607934120847
91.0,0.7670696929018488,0.749984944238715,0.7499613960863114
91.2,0.7670698475751061,0.7499855129958617,0.7499619982011281
91.4,0.7670699810568267,0.7499860681348801,0.7499625994627707
91.60000000000001,0.7670700940975678,0.7499866082330395,0.7499631995448494
91.80000000000001,0.767070187522046,0.7499871320154203,0.749963798092942
92.0,0.7670702622203219,0.7499876383547717,0.7499643947290907
92.2,0.7670703191390733,0.7499881262704935,0.7499649890561793
92.4,0.767070359273005,0.7499885949267993,0.7499655806621726
92.60000000000001,0.7670703836564374,0.7499890436301129,0.7499661691242012
92.80000000000001,0.7670703933551141,0.7499894718257576,0.7499667540124746
93.0,0.7670703894582671,0.7499898790939956,0.7499673348940092
93.2,0.7670703730709708,0.7499902651454762,0.7499679113361609
93.4,0.7670703453068151,0.7499906298161519,0.7499684829099499
93.60000000000001,0.7670703072809243,0.7499909730617229,0.749969049193171
93.80000000000001,0.7670702601033456,0.7499912949516662,0.749969609773282
94.0,0.7670702048728222,0.7499915956629097,0.7499701642500661
94.2,0.7670701426709727,0.7499918754732076,0.749970712238064
94.4,0.7670700745568853,0.7499921347542707,0.7499712533687742
94.60000000000001,0.7670700015621373,0.7499923739647101,0.7499717872926225
94.80000000000001,0.7670699246862484,0.7499925936428408,0.7499723136806993
95.0,0.7670698448925682,0.749992794399401,0.7499728322262693
95.2,0.7670697631046012,0.7499929769102316,0.7499733426460566
95.4,0.767069680202766,0.7499931419089615,0.7499738446813092
95.60000000000001,0.7670695970215855,0.749993290179745,0.7499743380986493
95.80000000000001,0.7670695143473001,0.749993422550088,0.7499748226907168
96.0,0.767069432915896,0.7499935398838029,0.749975298276612
96.2,0.7670693534115387,0.7499936430741265,0.7499757647021477
96.4,0.767069276465396,0.7499937330370333,0.7499762218399183
96.60000000000001,0.7670692026548401,0.7499938107047731,0.7499766695891966
96.80000000000001,0.7670691325030106,0.7499938770196591,0.7499771078756675
97.0,0.7670690664787219,0.7499939329281301,0.7499775366510101
97.2,0.7670690049966966,0.7499939793751068,0.7499779558923385
97.4,0.7670689484181087,0.7499940172986607,0.7499783656015127
97.60000000000001,0.7670688970514099,0.749994047625009,0.7499787658043305
97.80000000000001,0.7670688511534275,0.749994071263849,0.7499791565496128
98.0,0.7670688109307046,0.7499940891040403,0.7499795379081918
98.2,0.7670687765410678,0.749994102009642,0.7499799099718161
98.4,0.7670687480953956,0.7499941108163093,0.7499802728519812
98.60000000000001,0.7670687256595713,0.7499941163280512,0.7499806266786987
98.80000000000001,0.7670687092565933,0.7499941193143496,0.7499809715992134
99.0,0.7670686988688262,0.7499941205076358,0.74998130777668
99.2,0.7670686944403696,0.7499941206011227,0.7499816353888092
99.4,0.7670686958795245,0.7499941202469832,0.7499819546264922
99.60000000000001,0.7670687030613378,0.7499941200548693,0.7499822656924146
99.80000000000001,0.7670687158302044,0.7499941205907611,0.7499825687996676
100.0,0.7670687340025109,0.7499941223761349,0.7499828641703655
100.2,0.7670687573692984,0.7499941258874384,0.7499831520342768
100.4,0.7670687856989334,0.7499941315558585,0.749983432627477
100.60000000000001,0.7670688187397658,0.7499941397673686,0.7499837061910306
100.80000000000001,0.7670688562227608,0.7499941508630392,0.7499839729697069
101.0,0.7670688978640903,0.7499941651395954,0.7499842332107375
101.2,0.7670689433676718,0.7499941828502056,0.7499844871626193
101.4,0.7670689924276398,0.7499942042054832,0.7499847350739688
101.60000000000001,0.7670690447307413,0.7499942293746849,0.7499849771924303
101.80000000000001,0.7670690999586444,0.7499942584870861,0.7499852137636438
102.0,0.7670691577901504,0.7499942916335187,0.7499854450302739
102.2,0.7670692179033026,0.7499943288680494,0.7499856712311028
102.4,0.7670692799773849,0.7499943702097844,0.7499858926001897
102.60000000000001,0.7670693436948021,0.7499944156447813,0.7499861093660972
102.80000000000001,0.7670694087428402,0.7499944651280512,0.7499863217511876
103.0,0.7670694748153023,0.7499945185856345,0.7499865299709869
103.2,0.7670695416140139,0.749994575916734,0.7499867342336191
103.4,0.7670696088501999,0.7499946369958898,0.7499869347393093
103.60000000000001,0.7670696762457306,0.74999470167518,0.7499871316799552
103.80000000000001,0.7670697435342352,0.7499947697864346,0.7499873252387653
104.0,0.7670698104620839,0.7499948411434465,0.7499875155899638
104.2,0.7670698767892425,0.7499949155441676,0.7499877028985587
104.4,0.7670699422899979,0.7499949927728791,0.7499878873201725
104.60000000000001,0.7670700067535575,0.7499950726023221,0.7499880690009333
104.80000000000001,0.7670700699845292,0.7499951547957805,0.7499882480774215
105.0,0.7670701318032813,0.7499952391091039,0.7499884246766727
105.2,0.7670701920461902,0.7499953252926644,0.7499885989162316
105.4,0.7670702505657779,0.7499954130932373,0.7499887709042544
105.60000000000001,0.7670703072307458,0.7499955022557994,0.7499889407396573
105.80000000000001,0.76707036192591,0.7499955925252392,0.7499891085123064
106.0,0.7670704145520455,0.7499956836479729,0.7499892743032469
106.2,0.7670704650256398,0.7499957753734618,0.7499894381849681
106.4,0.7670705132785703,0.7499958674556284,0.7499896002216995
106.60000000000001,0.7670705592577045,0.7499959596541667,0.7499897604697362
106.80000000000001,0.7670706029244332,0.7499960517357461,0.7499899189777897
107.0,0.7670706442541422,0.7499961434751077,0.7499900757873597
107.2,0.7670706832356295,0.74999623465605,0.7499902309331251
107.4,0.7670707198704733,0.7499963250723078,0.7499903844433503
107.60000000000001,0.7670707541723581,0.7499964145283217,0.7499905363403025
107.80000000000001,0.7670707861663657,0.7499965028399012,0.7499906866406798
108.0,0.7670708158882353,0.7499965898347831,0.7499908353560432
108.2,0.7670708433836011,0.7499966753530877,0.7499909824932538
108.4,0.7670708687072118,0.7499967592476742,0.7499911280549092
108.60000000000001,0.767070891922137,0.7499968413844015,0.7499912720397783
108.80000000000001,0.7670709130989682,0.749996921642295,0.7499914144432317
109.0,0.7670709323150177,0.7499969999136259,0.7499915552576649
109.2,0.7670709496535187,0.7499970761039054,0.7499916944729137
109.4,0.7670709652028375,0.7499971501318001,0.7499918320766574
109.60000000000001,0.7670709790556923,0.7499972219289726,0.7499919680548109
109.80000000000001,0.7670709913083926,0.7499972914398516,0.749992102391902
110.0,0.7670710020600956,0.749997358621339,0.7499922350714329
110.2,0.7670710114120862,0.749997423442456,0.749992366076226
110.4,0.7670710194670841,0.7499974858839367,0.7499924953887506
110.60000000000001,0.7670710263285776,0.7499975459377721,0.7499926229914317
110.80000000000001,0.7670710321001908,0.749997603606712,0.7499927488669389
111.0,0.7670710368850823,0.7499976589037276,0.7499928729984552
111.2,0.7670710407853799,0.7499977118514428,0.7499929953699253
111.4,0.7670710439016514,0.7499977624815374,0.7499931159662827
111.60000000000001,0.7670710463324125,0.7499978108341276,0.7499932347736565
111.80000000000001,0.7670710481736749,0.7499978569571301,0.749993351779556
112.0,0.767071049518531,0.749997900905612,0.7499934669730349
112.2,0.7670710504567808,0.749997942741134,0.7499935803448351
112.4,0.7670710510745958,0.7499979825310882,0.7499936918875091
112.60000000000001,0.7670710514542244,0.749998020348038,0.749993801595523
112.80000000000001,0.7670710516737347,0.7499980562690606,0.7499939094653398
113.0,0.7670710518067972,0.7499980903750985,0.7499940154954837
113.2,0.767071051922504,0.749998122750322,0.7499941196865862
113.4,0.7670710520852244,0.7499981534815061,0.7499942220414151
113.60000000000001,0.767071052354498,0.7499981826574256,0.7499943225648856
113.80000000000001,0.7670710527849597,0.7499982103682691,0.7499944212640577
114.0,0.7670710534262991,0.7499982367050768,0.7499945181481166
114.2,0.767071054323251,0.7499982617592023,0.7499946132283404
114.4,0.767071055515614,0.7499982856218007,0.7499947065180549
114.60000000000001,0.7670710570383001,0.7499983083833458,0.7499947980325757
114.80000000000001,0.7670710589214076,0.7499983301331756,0.7499948877891403
115.0,0.7670710611903194,0.7499983509590697,0.7499949758068295
115.2,0.7670710638658245,0.749998370946857,0.7499950621064808
115.4,0.767071066964258,0.7499983901800558,0.7499951467105936
115.60000000000001,0.7670710704976621,0.7499984087395474,0.7499952296432273
115.80000000000001,0.7670710744739614,0.749998426703281,0.7499953109298941
116.0,0.7670710788971542,0.7499984441460121,0.7499953905974472
116.2,0.7670710837675164,0.7499984611390732,0.7499954686739645
116.4,0.7670710890818154,0.7499984777501765,0.7499955451886298
116.60000000000001,0.7670710948335341,0.7499984940432484,0.7499956201716119
116.80000000000001,0.7670711010131005,0.7499985100782943,0.7499956936539433
117.0,0.7670711076081249,0.749998525911294,0.7499957656673967
117.2,0.7670711146036391,0.7499985415941257,0.7499958362443641
117.4,0.767071121982338,0.7499985571745176,0.7499959054177354
117.60000000000001,0.7670711297248214,0.7499985726960267,0.7499959732207804
117.80000000000001,0.7670711378098369,0.7499985881980427,0.7499960396870314
118.0,0.7670711462145172,0.7499986037158156,0.749996104850171
118.2,0.7670711549146169,0.7499986192805063,0.7499961687439214
118.4,0.7670711638847427,0.7499986349192572,0.7499962314019394
118.60000000000001,0.767071173098578,0.7499986506552838,0.7499962928577154
118.80000000000001,0.767071182529101,0.7499986665079824,0.749996353144477
119.0,0.7670711921487949,0.7499986824930556,0.7499964122950981
119.2,0.7670712019298489,0.7499986986226509,0.7499964703420136
119.4,0.7670712118443509,0.7499987149055138,0.7499965273171395
119.60000000000001,0.7670712218644686,0.7499987313471513,0.7499965832517996
119.80000000000001,0.7670712319626217,0.7499987479500055,0.7499966381766575
120.0,0.7670712421116423,0.7499987647136357,0.7499966921216551
120.2,0.7670712522849242,0.7499987816349067,0.7499967451159575
120.4,0.7670712624565598,0.7499987987081834,0.7499967971879039
120.60000000000001,0.7670712726014669,0.7499988159255278,0.7499968483649648
120.80000000000001,0.7670712826955021,0.7499988332768996,0.7499968986737053
121.0,0.7670712927155624,0.7499988507503579,0.7499969481397547
121.2,0.7670713026396764,0.7499988683322618,0.7499969967877814
121.4,0.7670713124470815,0.749998886007471,0.7499970446414745
121.60000000000001,0.7670713221182912,0.7499989037595431,0.7499970917235302
121.80000000000001,0.7670713316351512,0.7499989215709282,0.7499971380556438
122.0,0.7670713409808824,0.7499989394231579,0.7499971836585073
122.2,0.7670713501401152,0.7499989572970307,0.7499972285518114
122.4,0.7670713590989132,0.74999897517279,0.7499972727542523
122.60000000000001,0.7670713678447861,0.7499989930302959,0.749997316283543
122.80000000000001,0.7670713763666934,0.7499990108491894,0.7499973591564288
123.0,0.7670713846550405,0.7499990286090483,0.749997401388706
123.2,0.7670713927016636,0.7499990462895357,0.7499974429952448
123.4,0.7670714004998094,0.749999063870538,0.7499974839900156
123.60000000000001,0.7670714080441063,0.7499990813322951,0.749997524386117
123.80000000000001,0.7670714153305289,0.74999909865552,0.7499975641958073
124.0,0.767071422356356,0.7499991158215095,0.7499976034305386
124.2,0.7670714291201233,0.7499991328122448,0.7499976421009915
124.4,0.7670714356215718,0.7499991496104823,0.7499976802171132
124.60000000000001,0.7670714418615899,0.749999166199834,0.7499977177881555
124.80000000000001,0.7670714478421541,0.7499991825648389,0.7499977548227145
125.0,0.7670714535662642,0.7499991986910242,0.7499977913287712
125.2,0.7670714590378767,0.7499992145649573,0.7499978273137328
125.4,0.7670714642618368,0.7499992301742884,0.7499978627844731
125.60000000000001,0.767071469243807,0.7499992455077833,0.7499978977473749
125.80000000000001,0.7670714739901964,0.7499992605553488,0.7499979322083702
126.0,0.7670714785080878,0.7499992753080488,0.7499979661729813
126.2,0.7670714828051655,0.7499992897581123,0.749997999646361
126.4,0.7670714868896433,0.7499993038989341,0.7499980326333315
126.60000000000001,0.767071490770193,0.7499993177250684,0.7499980651384228
126.80000000000001,0.7670714944558735,0.7499993312322151,0.7499980971659099
127.0,0.7670714979560626,0.7499993444171994,0.7499981287198485
127.2,0.767071501280389,0.7499993572779471,0.7499981598041093
127.4,0.7670715044386679,0.7499993698134528,0.7499981904224112
127.60000000000001,0.7670715074408371,0.749999382023744,0.7499982205783523
127.80000000000001,0.7670715102968977,0.7499993939098406,0.7499982502754392
128.0,0.7670715130168559,0.7499994054737105,0.7499982795171152
128.20000000000002,0.7670715156106698,0.7499994167182215,0.7499983083067856
128.4,0.7670715180881964,0.7499994276470905,0.7499983366478421
128.6,0.7670715204591452,0.7499994382648302,0.7499983645436846
128.8,0.767071522733032,0.7499994485766934,0.7499983919977418
129.0,0.7670715249191395,0.7499994585886158,0.7499984190134885
129.20000000000002,0.7670715270264785,0.749999468307158,0.7499984455944628
129.4,0.7670715290637543,0.749999477739446,0.74999847174428
129.6,0.7670715310393361,0.749999486893112,0.7499984974666452
129.8,0.7670715329612308,0.7499994957762348,0.7499985227653637
130.0,0.7670715348370587,0.7499995043972808,0.7499985476443504
130.20000000000002,0.767071536674034,0.7499995127650454,0.7499985721076363
130.4,0.7670715384789494,0.7499995208885957,0.7499985961593744
130.6,0.767071540258161,0.7499995287772143,0.7499986198038432
130.8,0.7670715420175805,0.7499995364403449,0.7499986430454493
131.0,0.7670715437626671,0.7499995438875393,0.749998665888728
131.20000000000002,0.7670715454984239,0.7499995511284068,0.7499986883383429
131.4,0.7670715472293979,0.7499995581725655,0.7499987103990841
131.6,0.7670715489596804,0.7499995650295965,0.7499987320758649
131.8,0.7670715506929122,0.7499995717090001,0.7499987533737182
132.0,0.76707155243229,0.7499995782201546,0.7499987742977913
132.20000000000002,0.7670715541805757,0.7499995845722787,0.7499987948533391
132.4,0.7670715559401063,0.7499995907743956,0.7499988150457184
132.6,0.7670715577128081,0.7499995968353009,0.7499988348803796
132.8,0.7670715595002098,0.7499996027635331,0.7499988543628584
133.0,0.7670715613034597,0.7499996085673467,0.7499988734987676
133.20000000000002,0.7670715631233421,0.7499996142546892,0.7499988922937874
133.4,0.7670715649602965,0.7499996198331799,0.7499989107536559
133.6,0.7670715668144364,0.7499996253100923,0.7499989288841594
133.8,0.7670715686855706,0.7499996306923398,0.7499989466911222
134.0,0.7670715705732227,0.7499996359864626,0.7499989641803965
134.20000000000002,0.767071572476654,0.7499996411986192,0.7499989813578519
134.4,0.7670715743948844,0.7499996463345789,0.7499989982293658
134.6,0.7670715763267149,0.7499996513997184,0.7499990148008123
134.8,0.7670715782707491,0.7499996563990191,0.7499990310780532
135.0,0.7670715802254162,0.7499996613370684,0.7499990470669275
135.20000000000002,0.7670715821889915,0.7499996662180618,0.7499990627732425
135.4,0.7670715841596184,0.7499996710458079,0.7499990782027639
135.6,0.7670715861353299,0.7499996758237348,0.7499990933612077
135.8,0.7670715881140683,0.7499996805548986,0.7499991082542313
136.0,0.7670715900937056,0.7499996852419935,0.7499991228874255
136.20000000000002,0.7670715920720628,0.7499996898873628,0.7499991372663072
136.4,0.7670715940469273,0.7499996944930123,0.7499991513963119
136.6,0.7670715960160717,0.749999699060624,0.7499991652827876
136.8,0.7670715979772698,0.7499997035915711,0.7499991789309887
137.0,0.7670715999283122,0.7499997080869338,0.7499991923460699
137.20000000000002,0.7670716018670215,0.7499997125475164,0.7499992055330822
137.4,0.7670716037912652,0.7499997169738641,0.7499992184969677
137.6,0.7670716056989687,0.7499997213662811,0.7499992312425563
137.8,0.7670716075881271,0.7499997257248484,0.7499992437745621
138.0,0.7670716094568156,0.7499997300494426,0.7499992560975806
138.20000000000002,0.7670716113031983,0.7499997343397541,0.7499992682160868
138.4,0.7670716131255374,0.7499997385953053,0.7499992801344333
138.6,0.7670716149221996,0.7499997428154696,0.7499992918568492
138.8,0.7670716166916627,0.7499997469994888,0.7499993033874395
139.0,0.7670716184325209,0.7499997511464914,0.7499993147301848
139.20000000000002,0.7670716201434887,0.7499997552555099,0.7499993258889416
139.4,0.7670716218234042,0.7499997593254977,0.7499993368674431
139.6,0.7670716234712308,0.7499997633553455,0.7499993476693004
139.8,0.7670716250860597,0.7499997673438971,0.7499993582980037
140.0,0.7670716266671096,0.7499997712899645,0.7499993687569244
140.20000000000002,0.7670716282137258,0.7499997751923425,0.7499993790493176
140.4,0.7670716297253803,0.7499997790498218,0.749999389178324
140.6,0.7670716312016694,0.7499997828612024,0.7499993991469732
140.8,0.767071632642311,0.749999786625305,0.7499994089581868
141.0,0.7670716340471417,0.7499997903409826,0.7499994186147815
141.20000000000002,0.7670716354161135,0.7499997940071306,0.7499994281194723
141.4,0.7670716367492881,0.7499997976226958,0.7499994374748771
141.6,0.7670716380468348,0.7499998011866852,0.7499994466835195
141.8,0.7670716393090228,0.7499998046981736,0.7499994557478333
142.0,0.7670716405362177,0.74999980815631,0.7499994646701666
142.20000000000002,0.7670716417288747,0.7499998115603231,0.7499994734527855
142.4,0.7670716428875332,0.7499998149095272,0.7499994820978784
142.6,0.76707164401281,0.7499998182033251,0.7499994906075603
142.8,0.7670716451053938,0.749999821441212,0.749999498983877
143.0,0.7670716461660382,0.7499998246227779,0.7499995072288088
143.20000000000002,0.7670716471955557,0.7499998277477089,0.749999515344275
143.4,0.76707164819481,0.7499998308157886,0.7499995233321379
143.6,0.767071649164711,0.7499998338268978,0.7499995311942066
143.8,0.7670716501062081,0.7499998367810148,0.7499995389322407
144.0,0.7670716510202826,0.7499998396782135,0.7499995465479545
144.20000000000002,0.7670716519079429,0.7499998425186623,0.7499995540430203
144.4,0.7670716527702176,0.7499998453026219,0.7499995614190719
144.6,0.7670716536081503,0.7499998480304425,0.7499995686777079
144.8,0.7670716544227932,0.7499998507025608,0.7499995758204953
145.0,0.7670716552152024,0.7499998533194963,0.7499995828489717
145.20000000000002,0.7670716559864319,0.7499998558818475,0.7499995897646492
145.4,0.7670716567375293,0.7499998583902878,0.7499995965690163
145.6,0.7670716574695315,0.749999860845561,0.7499996032635404
145.8,0.7670716581834591,0.7499998632484763,0.749999609849671
146.0,0.7670716588803138,0.7499998655999038,0.7499996163288405
146.20000000000002,0.7670716595610736,0.7499998679007693,0.7499996227024676
146.4,0.76707166022669,0.7499998701520488,0.7499996289719579
146.6,0.7670716608780852,0.7499998723547637,0.7499996351387064
146.8,0.7670716615161481,0.7499998745099755,0.7499996412040982
147.0,0.7670716621417338,0.7499998766187801,0.7499996471695104
147.20000000000002,0.7670716627556595,0.749999878682303,0.7499996530363128
147.4,0.7670716633587045,0.7499998807016938,0.7499996588058688
147.6,0.7670716639516071,0.7499998826781211,0.7499996644795367
147.8,0.7670716645350648,0.749999884612768,0.7499996700586695
148.0,0.7670716651097327,0.7499998865068265,0.7499996755446162
148.20000000000002,0.7670716656762228,0.7499998883614931,0.7499996809387217
148.4,0.7670716662351041,0.7499998901779646,0.749999686242327
148.6,0.7670716667869022,0.7499998919574333,0.7499996914567697
148.8,0.7670716673320997,0.7499998937010831,0.7499996965833833
149.0,0.767071667871137,0.7499998954100857,0.7499997016234976
149.20000000000002,0.7670716684044117,0.7499998970855969,0.7499997065784385
149.4,0.7670716689322804,0.7499998987287531,0.7499997114495275
149.6,0.7670716694550598,0.7499999003406682,0.7499997162380813
149.8,0.7670716699730272,0.7499999019224309,0.7499997209454113
